{
	"name": "Julien Brionne",
	"email": "julien.brionne@gmail.com",
    "avatar": "/assets/images/avatar/julien.jpeg",
    "twitter": "https://twitter.com/akashrine",
    "linkedin": "https://linkedin.com/in/julienbrionne",
    "socials": [
        {
            "type": "Social",
            "details": {
                "name": "twitter",
                "url": "https://twitter.com/akashrine",
                "icon": "twitter"
            }
        },
        {
            "type": "Social",
            "details": {
                "name": "github",
                "url": "https://github.com/akashrine",
                "icon": "github"
            }
        },
        {
            "type": "Social",
            "details": {
                "name": "dribbble",
                "url": "https://dribbble.com/akashrine",
                "icon": "dribbble"
            }
        },
        {
            "type": "Social",
            "details": {
                "name": "instagram",
                "url": "https://instagram.com/julien.brionne",
                "icon": "instagram"
            }
        },
        {
            "type": "Social",
            "details": {
                "name": "facebook",
                "url": "https://facebook.com/julien.brionne",
                "icon": "facebook"
            }
        },
        {
            "type": "Social",
            "details": {
                "name": "linkedin",
                "url": "https://linkedin.com/in/julienbrionne",
                "icon": "linkedin"
            }
        }
    ]
}