{
    "jobs": [
        {
            "title" : "Chief Product Officer",
            "link" : "https://wizville.com",
            "company" : "Wizville",
            "start_date" : "Oct 2O23",
            "end_date" : "Today",
            "hightlights" : ""
        },
        {
            "title" : "Lead Product Manager",
            "link" : "https://heetch.com",
            "company" : "Heetch",
            "start_date" : "Dec 2019",
            "end_date" :"Oct 2023",
            "hightlights":""
        },
        {
            "title" : "Chief Product Officer",
            "link" : "https://iwd.io",
            "company" : "IWD",
            "start_date" : "Aug 2018",
            "end_date" :"Dec 2019",
            "hightlights":""
        },
        {
            "title" : "Lead Product Manager",
            "company" : "The Other Store",
            "link" : "http://www.the-other-store.com/",
            "start_date" : "Oct 2016",
            "end_date" :"Jul 2018",
            "hightlights":""
        },
        {
            "title" : "Product Manager",
            "company" : "The Other Store",
            "link" : "http://www.the-other-store.com/",
            "start_date" : "Jan 2016",
            "end_date" :"Oct 2016",
            "hightlights":""
        },
        {
            "title" : "Head of Front End",
            "company" : "The Other Store",
            "link" : "http://www.the-other-store.com/",
            "start_date" : "Apr 2014",
            "end_date" :"Jan 2016",
            "hightlights":""
        },
        {
            "title" : "E-Service Manager",
            "company" : "Pierre et Vacances",
            "link" : "https://www.pierreetvacances.com/",
            "start_date" : "Jul 2009",
            "end_date" :"Mar 2014",
            "hightlights":""
        }
    ]
}