[
    {
        "id":"B6nZ5r2oCj_",
        "imageURL":"https://julien-brionne.fr/assets/images/instagram/1.jpg",
        "title":"Waffle"
    },
    {
        "id":"BljG8ojDnVW",
        "imageURL":"https://julien-brionne.fr/assets/images/instagram/2.jpg",
        "title":"Setoise"
    },
    {
        "id":"B-sOmneoLBp/",
        "imageURL":"https://julien-brionne.fr/assets/images/instagram/3.jpg",
        "title":"First Flight"
    },
    {
        "id":"BlTmfZ8jFDc",
        "imageURL":"https://julien-brionne.fr/assets/images/instagram/4.jpg",
        "title":"Fashion"
    }
]

